name,last name,middle name,sex,birthday,passport series,passport number,passport issue date,passport expiry date,passport issuer,create date,email,phone number,title,amount,transaction id
"Ivan","Ivanov","Ivanovich","male","1990-01-01","1234","567890","2015-01-01","2025-01-01","OVD Moscow","2025-06-19 19:58:13.087803","email@email.ru","0987654321","title","1340","TX-1750352295-697"
"Ivan","Ivanov","Ivanovich","male","1990-01-01","1234","567890","2015-01-01","OVD Moscow","2025-06-19 19:59:04.823630","sdfasdf@safd.ru","12312315151","Обязательный ДМС","1440","TX-1750352346-984"
"Ivan","Ivanov","Ivanovich","male","1990-01-01","1234","567890","2015-01-01","2025-01-01","OVD Moscow","2025-06-19 20:01:36.568488","email@email.ru","0987654321","title","1340","TX-1750352498-474"
"Ivan","Ivanov","Ivanovich","male","1990-01-01","1234","567890","2015-01-01","None","OVD Moscow","2025-06-19 20:02:10.749137","email@email.ru","0987654321","title","1340","TX-1750352532-989"
