name,last name,middle name,sex,birthday,passport series,passport number,passport issue date,passport expiry date,passport issuer,create date,email,phone number,title,amount,transaction id
"valera","valerievich","valeriev","female","1990-01-01","10","223356","2015-01-01","2025-01-01","OVD Moscow","2026-02-04 12:19:01.806590","","","Расширенный ДМС","3440","TX-1770182343-269"
"perdun","perdunov","perdunovich","male","1990-01-01","1100","3377","2015-01-01","2025-01-01","OVD Moscow","2026-02-04 12:43:47.919362","","","Расширенный ДМС","3440","TX-1770183829-688"
"fsdf","erwer","gasdfg","male","1990-01-01","2234","546546","2015-01-01","None","OVD Moscow","2026-02-04 13:00:26.493056","","","Расширенный ДМС","3440","TX-1770184828-824"
"sdafgsd","sdfgs","gsdfa","male","1990-01-01","1111","343434","2015-01-01","None","OVD Moscow","2026-02-04 13:29:57.742110","","","Расширенный ДМС","3440","TX-1770186599-152"
"asdfa","gdfh","dwgsdb","male","1990-01-01","1111","222222","2015-01-01","None","OVD Moscow","2026-02-04 13:40:14.712318","","","Расширенный ДМС","3440","TX-1770187216-433"
"Иван","Иванов","Иванович","male","1990-01-01","1111","223344","2015-01-01","None","OVD Moscow","2026-02-04 13:49:47.437821","","","Расширенный ДМС","3440","TX-1770187789-236"
